name,title,description,image
Banner - Engine Application Info,Banner - Engine Application Info,,
Banner - Login,Banner - Login,,
4b182800432fc766a105bbf30f4b9bdb,ConstSolidHorz.jpg,,
c7267480432fc827a123bbf30f4b9bdb,ConstSolidVert.jpg,,
Diagnostics,Diagnostics,,
Distributor Profile Administrators banner,Distributor Profile Administrators banner,Computer assistance,
Download for Mac,Download for Mac,,
Download for Windows,Download for Windows,,
Frisian_Cruiser,Frisian Cruiser,Featured Customer of the Week - Frisian Cruiser,
d8866c80432fd27ca173bbf30f4b9bdb,FunkDrivetrainComp_Logo.jpg,,
db446bfe-102c-4bbe-accb-9117682e5b7b,JDLink Hardware.jpg,,
f73ca90b-bf01-4a0c-b3e6-8dfaebf9f3f4,JDLink Hardware.jpg,,
29904e21-c524-44f5-9970-db421f1852de,JDLink Telematics.jpg,,
b35f518c-5cd2-4067-87ea-a2a940053be3,JDLink Telematics.jpg,,
891b528c-f41e-4f72-ba69-67c9cd6b679c,JDLink Telematics.jpg,,
206cad3c-9453-4e25-8aef-79103132d51d,JDLink Telematics.jpg,,
2233c8da-e7a4-4710-a7ae-5fbd84fb3334,JDLink+Hardware.jpg,,
JDPS Course Catalog - NA-Australia-NZ,JDPS Course Catalog - NA-Australia-NZ,JDPS Course Catalog - NA-Australia-NZ,
JDPS Course Catalog - SA-Europe-Asia,JDPS Course Catalog - SA-Europe-Asia,JDPS Course Catalog - SA-Europe-Asia,
JDPS Horizontal,JDPS Horizontal,,
JDPS Vertical,JDPS Vertical,,
JD_Power_2D-Logo_b-gry_RGB.png,JD_Power_2D-Logo_b-gry_RGB.png,Gray John Deere badge graphic,
JD_Power_2D-Logo_b_RGB.png,JD_Power_2D-Logo_b_RGB.png,John Deere black and white badge,
JD_Power_2D-Logo_by_RGB.png,JD_Power_2D-Logo_by_RGB.png,Black and yellow John Deere badge graphic,
JD_Power_3D-Logo_by_RGB.png,JD_Power_3D-Logo_by_RGB.png,Black and yellow gradient John Deere badge graphic,
JD_Power_3D-Logo_byg_RGB.png,JD_Power_3D-Logo_byg_RGB.png,Black and yellow with gray gradient John Deere badge graphic,
Logo HQ - JDPS - Horizontal - Small,Logo HQ - JDPS - Horizontal - Small,Logo HQ - JDPS - Horizontal - Small,
Logo HQ - JDPS - Vertical - Small,Logo HQ - JDPS - Vertical - Small,Logo HQ - JDPS - Horizontal - Small,
Maintenance Literature Thumbnail,Maintenance Literature Thumbnail,,
bdafbfc4-b87d-4b86-b6bb-fabb7ee9606d,Marine Auxiliary.jpg,,
cdaca083-03ea-4445-9018-87ee56748a12,PowerAssist image.jpg,,
d771cb78-30de-4481-9f8d-e5ef9ad8f335,PowerAssist image.jpg,,
PowerTechPSX_6135.jpg,PowerTechPSX_6135.jpg,,
PowerTechPVX_6068.jpg,PowerTechPVX_6068.jpg,,
PowerTechPWX_4045.jpg,PowerTechPWX_4045.jpg,,
4c9d4679-0afa-45df-b2ad-20a539c2b277,Remote Diagnostics image.jpg,,
f042e034-7374-42ab-b052-a1403f126c57,Remote Diagnostics image.jpg,,
Sales Presentation Header,Sales Presentation Header,,
Stage V Logo Black and White,Stage V Logo Black and White,Stage V Logo Black and White,
Stage V Logo Color,Stage V Logo Color,Stage V Logo Color Regular,
Stage V Logo Color Cropped,Stage V Logo Color Cropped,Stage V Logo Color Cropped,
85330b0d-b034-4f3b-80c4-220e1732750f,Training picture_portal.jpg,,
Worldwide Distributor Network,Worldwide Distributor Network,JDPS worldwide distributor network map (updated Feb 2013),
coop screen shot,coop screen shot,,
58f98b38-801b-409e-a26a-e96711ff9c30,coop_screenshot.png,,
07b08f804fdce774b637bf6c901581a3,drivetrain_products.jpg,,
Generator Drive Engines Image,gendrive_engines.jpg,Generator Drive Engines Image,
image moteurs TC,image moteurs TC,,
Industrial Engines Image,industrial_engines.jpg,Industrial Engines Image,
Marine Engines Image,marine_engines.jpg,Marine Engines Image,
Marine Generator Drive Image,marine_gendrive_image.jpg,Marine Generator Drive Image,
Marine Propulsion Image,marine_propulsion_image.jpg,Marine Propulsion Image,
page_left,page_left,,
page_right,page_right,,
f8c55b804086b1c3812dc567c438b322,parts_header.jpg,,
c0c82000406b27bea45df45f94d412fb,portal_dealerdevelopment_header.jpg,,
Products - Engines image,portal_engines_header.jpg,,
Marine engines header image,portal_marineengines_header.jpg,Marine engines header image,
Marketng image,portal_marketing_header.jpg,,
Pricing image,portal_pricing_header.jpg,,
4b8a2480405dffd29fbc9ff89dac0b88,portal_products_header.jpg,,
1afd9a00405dfeaf9fa59ff89dac0b88,portal_productsupport_header.jpg,,
21a9eb80406b799da4bcf45f94d412fb,portal_sales_header.jpg,,
f98eea00406b675aa48ef45f94d412fb,portal_training_header.jpg,,
search_button,search_button,,
f19f7d8043fd54e381d8a3941a832981,tradeshows_header.jpg,,